start,end,code
0.0,8.159,user_message
8.159,18.995,assistant_message
18.995,19.419,agent_technical-research-agent
19.419,19.436,tool_read
19.436,22.228,tool_read_result
22.228,25.665,agent_technical-research-agent_result
25.665,28.964,tool_bash
28.964,35.838,tool_bash
35.838,36.862,tool_write
36.862,39.279,tool_write_result
39.279,40.279,agent_technical-research-agent
40.279,353.03,idle
353.03,364.964,agent_technical-research-agent_result
364.964,364.979,tool_write
364.979,379.206,tool_write_result
379.206,439.206,assistant_message
439.206,566.813,idle
566.813,586.678,user_message
586.678,587.678,assistant_message
